{
    "PA" : {
    "onsite" : {
      "count" : 8,
      "revenue" : 2400,
      "cost" : 1440,
      "standard_revenue" : 300,
      "standard_cost" : 180
    },
    "offshore" : {
      "count" : 12,
      "revenue" : 1200,
      "cost" : 960,
      "standard_revenue" : 100,
      "standard_cost" : 80
    }
  },
  "A" : {
    "onsite" : {
      "count" : 6,
      "revenue" : 2100,
      "cost" : 900,
      "standard_revenue" : 350,
      "standard_cost" : 150
    },
    "offshore" : {
      "count" : 10,
      "revenue" : 1500,
      "cost" : 1000,
      "standard_revenue" : 150,
      "standard_cost" : 100
    }
  },
  "SA" : {
    "onsite" : {
      "count" : 4,
      "revenue" : 1600,
      "cost" : 1000,
      "standard_revenue" : 400,
      "standard_cost" : 250
    },
    "offshore" : {
      "count" : 10,
      "revenue" : 2000,
      "cost" : 1500,
      "standard_revenue" : 200,
      "standard_cost" : 150
    }
  },
    "M" : {
    "onsite" : {
      "count" : 3,
      "revenue" : 1800,
      "cost" : 1440,
      "standard_revenue" : 600,
      "standard_cost" : 480
    },
    "offshore" : {
      "count" : 6,
      "revenue" : 2100,
      "cost" : 1500,
      "standard_revenue" : 350,
      "standard_cost" : 250
    }
  },
    "SM" : {
    "onsite" : {
      "count" : 2,
      "revenue" : 1600,
      "cost" : 1180,
      "standard_revenue" : 800,
      "standard_cost" : 590
    },
    "offshore" : {
      "count" : 4,
      "revenue" : 2200,
      "cost" : 2000,
      "standard_revenue" : 550,
      "standard_cost" : 500
    }
  }
}