{
    "PA" : {
    "onsite" : {
      "count" : 8,
      "revenue" : 2400,
      "cost" : 1440
    },
    "offshore" : {
      "count" : 12,
      "revenue" : 1200,
      "cost" : 960
    }
  },
  "A" : {
    "onsite" : {
      "count" : 6,
      "revenue" : 2100,
      "cost" : 900
    },
    "offshore" : {
      "count" : 10,
      "revenue" : 1500,
      "cost" : 1000
    }
  },
  "SA" : {
    "onsite" : {
      "count" : 4,
      "revenue" : 1600,
      "cost" : 1000
    },
    "offshore" : {
      "count" : 10,
      "revenue" : 2000,
      "cost" : 1500
    }
  },
    "M" : {
    "onsite" : {
      "count" : 3,
      "revenue" : 1800,
      "cost" : 1440
    },
    "offshore" : {
      "count" : 6,
      "revenue" : 2100,
      "cost" : 1500
    }
  },
    "SM" : {
    "onsite" : {
      "count" : 2,
      "revenue" : 1600,
      "cost" : 1180
    },
    "offshore" : {
      "count" : 4,
      "revenue" : 2200,
      "cost" : 2000
    }
  }
}